,BALANCE,BALANCE_FREQUENCY,PURCHASES,ONEOFF_PURCHASES,INSTALLMENTS_PURCHASES,CASH_ADVANCE,PURCHASES_FREQUENCY,ONEOFF_PURCHASES_FREQUENCY,PURCHASES_INSTALLMENTS_FREQUENCY,CASH_ADVANCE_FREQUENCY,CASH_ADVANCE_TRX,PURCHASES_TRX,CREDIT_LIMIT,PAYMENTS,MINIMUM_PAYMENTS,PRC_FULL_PAYMENT,TENURE,cluster
count,331.0,331.0,331.0,331.0,331.0,331.0,331.0,331.0,331.0,331.0,331.0,331.0,331.0,331.0,331.0,331.0,331.0,331.0
mean,2406.3967527975833,0.9733803504531722,6623.762024169184,4449.428670694864,2176.146042296072,524.5500713353474,0.9153834471299095,0.7011947311178248,0.7122509274924471,0.06980680362537765,1.9003021148036254,74.82477341389728,8025.226586102719,6547.80885710876,1227.7914612145016,0.3211044078549849,11.924471299093655,1.0
std,2198.4267631594284,0.08296703752884742,2894.538103753104,2720.987853160227,2566.382359851571,1217.0335723361727,0.17538957229152916,0.2972108558800753,0.35911590602058924,0.152675613817506,5.070326619623453,54.60868609057914,3582.861924455822,2949.134022501244,1909.9211057626057,0.3937615864795405,0.5078528254874437,0.0
min,12.659908999999999,0.272727,1368.7,0.0,0.0,0.0,0.083333,0.0,0.0,0.0,0.0,2.0,1000.0,508.79744400000004,29.259869000000002,0.0,6.0,1.0
25%,711.3951294999999,1.0,4663.08,2586.0699999999997,484.915,0.0,0.916667,0.5,0.5,0.0,0.0,39.0,5500.0,4417.119185,223.5680075,0.0,12.0,1.0
50%,1667.146414,1.0,5788.81,3975.98,1539.0,0.0,1.0,0.75,0.916667,0.0,0.0,64.0,7500.0,5872.707939,546.439139,0.083333,12.0,1.0
75%,3345.289305,1.0,8214.045,5915.65,2896.835,191.5147055,1.0,1.0,1.0,0.083333,1.0,97.0,10000.0,8193.5349175,1264.9412565,0.75,12.0,1.0
max,11642.60156,1.0,22500.0,14215.0,22500.0,7540.30735,1.0,1.0,1.0,0.833333,40.0,347.0,23000.0,16826.424430000003,13621.70839,1.0,12.0,1.0
