,BALANCE,BALANCE_FREQUENCY,PURCHASES,ONEOFF_PURCHASES,INSTALLMENTS_PURCHASES,CASH_ADVANCE,PURCHASES_FREQUENCY,ONEOFF_PURCHASES_FREQUENCY,PURCHASES_INSTALLMENTS_FREQUENCY,CASH_ADVANCE_FREQUENCY,CASH_ADVANCE_TRX,PURCHASES_TRX,CREDIT_LIMIT,PAYMENTS,MINIMUM_PAYMENTS,PRC_FULL_PAYMENT,TENURE,cluster
count,1025.0,1025.0,1025.0,1025.0,1025.0,1025.0,1025.0,1025.0,1025.0,1025.0,1025.0,1025.0,1025.0,1025.0,1025.0,1025.0,1025.0,1025.0
mean,4056.4007760790246,0.958795108292683,504.2035219512195,276.8850536585366,227.35234146341463,3525.966506980488,0.31253261951219513,0.13301211414634148,0.21516475024390244,0.3685106058536586,10.160975609756097,8.633170731707317,6352.443458980487,2721.4927576634145,1681.715263869268,0.027680407804878047,11.47609756097561,2.0
std,1729.069174812844,0.11614787591457605,792.7525217290694,548.3272797586862,486.22020318446926,2295.533266964533,0.37282415935095686,0.22737172931480107,0.34053016164409516,0.23136665361187086,10.648340128149368,16.20854303686944,1868.851255950628,2307.536619604156,1715.2541268925906,0.08626013144896835,1.345443841673654,0.0
min,8.640998,0.181818,0.0,0.0,0.0,0.0,0.0,0.0,0.0,0.0,0.0,0.0,1400.0,138.855523,5.045387,0.0,6.0,2.0
25%,2796.379188,1.0,0.0,0.0,0.0,1957.749127,0.0,0.0,0.0,0.166667,4.0,0.0,5000.0,1141.819186,840.546381,0.0,12.0,2.0
50%,4037.543707,1.0,107.0,0.0,0.0,3206.809796,0.083333,0.0,0.0,0.333333,7.0,1.0,6000.0,1691.047119,1281.843775,0.0,12.0,2.0
75%,5269.761999,1.0,716.76,315.87,229.25,4707.988554,0.625,0.166667,0.416667,0.5,13.0,12.0,8000.0,3811.271434,1895.0261699999999,0.0,12.0,2.0
max,9321.555794,1.0,4381.86,4139.56,4059.93,11220.76636,1.0,1.0,1.0,1.5,123.0,195.0,11500.0,12902.18813,14437.12209,1.0,12.0,2.0
