,BALANCE,BALANCE_FREQUENCY,PURCHASES,ONEOFF_PURCHASES,INSTALLMENTS_PURCHASES,CASH_ADVANCE,PURCHASES_FREQUENCY,ONEOFF_PURCHASES_FREQUENCY,PURCHASES_INSTALLMENTS_FREQUENCY,CASH_ADVANCE_FREQUENCY,CASH_ADVANCE_TRX,PURCHASES_TRX,CREDIT_LIMIT,PAYMENTS,MINIMUM_PAYMENTS,PRC_FULL_PAYMENT,TENURE,cluster
count,5012.0,5012.0,5012.0,5012.0,5012.0,5012.0,5012.0,5012.0,5012.0,5012.0,5012.0,5012.0,5012.0,5012.0,5012.0,5012.0,5012.0,5012.0
mean,806.3251756789705,0.8743790752194732,507.82781923383885,244.89401237031126,263.2494513168396,447.0063778996409,0.4566120540702315,0.13197724361532323,0.35084803471667997,0.10964821488427771,2.2318435754189943,9.555666400638467,2112.397689988428,890.0251077964884,530.4826597952913,0.15064240343176377,11.391660015961692,3.0
std,800.0283844324033,0.22363787439764873,683.5934456874509,495.137003590852,437.5668655808833,773.65373638711,0.39337826072507576,0.2294965783095512,0.39119047491587366,0.1652460489013175,4.260678597644429,12.846075127961042,1010.0330264531025,912.2011754673281,1066.551231197318,0.2860324417409421,1.4920912632243046,0.0
min,0.0,0.0,0.0,0.0,0.0,0.0,0.0,0.0,0.0,0.0,0.0,0.0,50.0,0.049513,0.019163,0.0,6.0,3.0
25%,85.6622975,0.833333,14.995000000000001,0.0,0.0,0.0,0.083333,0.0,0.0,0.0,0.0,1.0,1200.0,302.02842675,152.69604825,0.0,12.0,3.0
50%,607.5403475,1.0,259.29999999999995,0.0,70.0,0.0,0.416667,0.0,0.166667,0.0,0.0,6.0,1950.0,567.1537145,237.302595,0.0,12.0,3.0
75%,1276.57343825,1.0,678.955,250.0,365.495,624.1489807500001,0.8888889999999999,0.166667,0.75,0.166667,3.0,12.0,3000.0,1141.0067279999998,515.57175975,0.14285699999999998,12.0,3.0
max,4104.710798,1.0,4896.9,4768.27,4249.92,5676.779668,1.0,1.0,1.0,1.0,62.0,186.0,4750.0,9724.871142,13916.7029,1.0,12.0,3.0
