,BALANCE,BALANCE_FREQUENCY,PURCHASES,ONEOFF_PURCHASES,INSTALLMENTS_PURCHASES,CASH_ADVANCE,PURCHASES_FREQUENCY,ONEOFF_PURCHASES_FREQUENCY,PURCHASES_INSTALLMENTS_FREQUENCY,CASH_ADVANCE_FREQUENCY,CASH_ADVANCE_TRX,PURCHASES_TRX,CREDIT_LIMIT,PAYMENTS,MINIMUM_PAYMENTS,PRC_FULL_PAYMENT,TENURE,cluster
count,23.0,23.0,23.0,23.0,23.0,23.0,23.0,23.0,23.0,23.0,23.0,23.0,23.0,23.0,23.0,23.0,23.0,23.0
mean,5448.201717521738,0.9561264782608695,27916.555652173913,22354.31434782609,5562.2413043478255,970.1104703043478,0.9050724347826088,0.850000043478261,0.7086956086956522,0.03985504347826087,1.7826086956521738,128.2173913043478,16043.478260869566,27761.600386086957,3345.7182543913045,0.5153161739130434,11.91304347826087,6.0
std,4409.774373401047,0.15487699308685104,8172.003282419816,8514.41341228872,4792.652085796932,4060.9057034599696,0.2279373393640187,0.2437604771123561,0.3771862505301278,0.13960077693697523,7.292315517902954,89.76583502836655,5692.724710058087,9280.015011121139,5108.710371755252,0.4143538935134875,0.41702882811414954,0.0
min,1268.809031,0.272727,17409.21,9449.07,0.0,0.0,0.166667,0.166667,0.0,0.0,0.0,3.0,7500.0,13002.30393,410.800069,0.0,10.0,6.0
25%,2708.7964979999997,1.0,22055.85,16329.990000000002,767.865,0.0,1.0,0.7083335,0.5,0.0,0.0,71.0,12000.0,22446.43976,566.144486,0.083333,12.0,6.0
50%,3391.7021799999998,1.0,26402.39,21802.6,4924.71,0.0,1.0,1.0,0.916667,0.0,0.0,101.0,17000.0,26557.09724,1149.747342,0.583333,12.0,6.0
75%,7262.084047,1.0,31919.565,25818.545,8009.295,0.0,1.0,1.0,1.0,0.0,0.0,166.0,18000.0,32011.871405000005,2834.1102425,0.9583335,12.0,6.0
max,19043.13856,1.0,49039.57,40761.25,15497.19,19513.474830000003,1.0,1.0,1.0,0.666667,35.0,358.0,30000.0,50721.483360000006,18621.01331,1.0,12.0,6.0
